@id	name	ele	@lat	@lon
26863050	Großer Arber	1456	49.1124718	13.1361900
61270684	Scheuchenberg	540	49.0264545	12.2560197
95964264	Dreisessel	1323	48.7806790	13.8031771
95964265	Hochstein	1333	48.7847492	13.8027768
96405646	Großer Rachel	1453	48.9785352	13.3889715
96428401	Großer Riedelstein	1132	49.1659000	12.9729999
96428403	Großer Osser	1293	49.2031833	13.1097845
96428405	Kleiner Arber	1384	49.1133011	13.1100722
173849656	Rauchröhren	1042	49.1702239	12.9604782
173849666	Mittagstein	1034	49.1732347	12.9422827
173853050	Kreuzfelsen	999	49.1764528	12.9227995
173866922	Kleiner Falkenstein	1190	49.0885068	13.2732424
265094431	Kleiner Osser	1266	49.2017348	13.1032394
270091856	Eidenberger Lusen	733	48.5727904	13.7841343
270091875	Ponzaun	767	48.6015300	13.7788112
270091916	Höpfelberg	727	48.7081245	13.7903125
281997902	Silberberg	955	49.0571546	13.1243106
290221610	Bärenriegel	1017	49.2401279	12.9264333
290221611	Burgstall	976	49.2494248	12.8908193
290221627	Eckstein	1073	49.2372852	12.9329665
295661960	Hirschenstein	1095	48.9643769	12.8800093
295667592	Predigtstuhl	1024	49.0023398	12.8488065
295668282	Pröller	1048	49.0219662	12.8211454
297562061	Schopf	928	48.9547041	12.8429102
305665620	Haidel	1166	48.8185711	13.6782443
309432989	Knogl	1056	48.9959040	12.8571683
323838844	Dreitannenriegel	1092	48.8972514	13.0221150
323839344	Einödriegel	1121	48.9281616	13.0277588
323839655	Geißkopf	1097	48.9240769	13.0374226
323850384	Breitenauriegel	1114	48.9065480	13.0300211
347056141	Hohenstein		49.1949659	12.1852712
356304449	Sallerner Berg	390	49.0420460	12.1074857
403303195	Enzian	1287	49.1237073	13.0830635
403307514	Heugstatt	1262	49.1292361	13.0682204
403315504	Mühlriegel	1079	49.1569817	13.0149053
410947529	Lusen	1373	48.9391964	13.5067775
414734287	Rauher Kulm	1050	48.9485091	12.8988447
416427242	Dreikögelriegel	858	48.9694705	13.2555143
416634867	Kirchberg		48.9036275	13.1818276
416644868	Hennenkobel	965	49.0450716	13.1815386
416678030	Kronberg	983	49.0369388	13.1053062
417100704	Almberg	1139	48.8891850	13.6431786
427281914	Jugenberg	610	49.1856668	12.2178899
428608605	Ruhmannsberg	862	48.6474966	13.6858196
428608606	Staffelberg	793	48.6510959	13.6513777
435237776	Wagensonnriegel	959	48.9504287	13.2790963
436158256	Harlachberger Spitze	914	49.0494155	13.0806915
437029767	Hängender Riegel	1080	49.1464908	13.0573865
445764708	Waldhäuserriegel	1151	48.9246800	13.4845986
445970161	Kleiner Spitzberg	1233	48.9510092	13.4797727
459569430	Kleiner Büchelstein		48.8104826	13.1642459
459569899	Brotjacklriegel	1010	48.8170156	13.2167342
459569909	Büchelstein	832	48.8082788	13.1754956
467457622	Hoher Stein	584	49.1207787	12.2164079
469869745	Steinfleckberg	1342	48.9530022	13.5226830
535979310	Kühberg	870	48.9763298	13.2292152
538378363	Eschenberg	1043	48.9342375	13.2792772
564965776	Hessenstein	878	48.9146856	13.3040868
576571442	Plattenhausenriegel	1376	48.9639997	13.4502885
576647349	Jägerhübel	1100	49.2166689	13.1138594
576647358	Helmwald	1102	49.2269640	13.0891868
577336417	V koutě	1276	48.9727165	13.4258767
591818020	Dattinger Berg	886	48.8749128	13.1103491
591935258	Knogelberg	705	49.0607078	12.9799272
591937869	Schloßberg	673	49.0614251	12.9639370
605418981	Grosse Kanzel	1002	48.8884396	13.5400865
605457854	Ochsenriegel		48.8938149	13.5116318
605503339	Kleine Kanzel	1011	48.8873002	13.5310852
606492368	Kohlbichel	749	48.9518062	13.2528126
662571491	Peilstein		49.2128257	12.1743103
662571497	Franzenshöhe		49.2127047	12.1760040
671758541	Plattenhöhe	690	48.9506596	13.1758079
775651325	Ahornriegel	1050	49.2348824	12.9440756
814886691	Sicklinger Berg	628	48.7353965	13.5794471
814886693	Oberfrauenwald	945	48.6850001	13.6580499
814886698	Habergrasberg	1235	48.7850000	13.7885900
814886704	Neufanger Berg	755	48.7491700	13.6530500
814886713	Saußberg	793	48.7047900	13.6059200
841768928	Gsengetstein	951	48.9318145	13.2580614
846163246	Bogenberg	432	48.9020427	12.6969849
873636642	Schwarzeck	1235	49.1465603	13.0645594
906245584	Streitberg	594	49.1375950	12.9677913
972202151	Friedrichsberg	930	48.6545958	13.7963569
987564984	Geißriegel	1043	48.9033901	13.0081744
1068936853	Mühlberg	408	49.0548181	12.1126898
1149812832	Hochzellberg	1208	49.0776795	13.1332083
1161322926	Strohmannhanselhöhe	869	49.0459941	13.0935857
1177290609	Helfenstein		49.1495982	12.4085625
1232877091	Großer Pfaffenstein	515	49.1685707	12.3603203
1270510248	Beerenkopf		49.0074465	13.4027836
1272507425	Vogelsang	1022	48.9344318	12.9435935
1278984529	Hohlstein	1196	48.9150996	13.5301565
1313209783	Berliner Kreuz		49.0190825	13.0335409
1320118701	Zeitlberg	410	49.0692697	12.1109635
1329432528	Tiessenberg	745	48.6619491	13.6140230
1350030716	Fahnenriegel	1199	49.0521408	13.3372696
1350032421	Scheuereckberg	1193	49.0673998	13.3311385
1350051064	Sulzriegel	782	49.0694772	13.2391857
1355321835	Trossel		48.9194173	13.3642355
1378735198	Teufelstisch	901	48.9326754	13.0646430
1399515171	Butzen	775	48.9061670	12.9476403
1404351251	Kühberg	835	48.9215624	12.9990247
1404352472	Hummelsberg		48.9224929	12.9876950
1404355088	Buchenhöhe	723	48.8929932	12.9925943
1404357596	Anhangberg	984	48.9036526	13.0453947
1404363111	Hermannschopf	824	48.9197435	13.0630651
1404364857	Stadelberg	891	48.9336584	13.0888894
1404364860	Finkenrieder Berg	663	48.9416362	13.0875161
1407391644	Hocheck	727	48.9371703	12.9870433
1407404108	Buchberg	687	48.9719171	13.0166549
1407404121	Rosenberg	871	48.9576042	13.0334777
1407404123	Bornstein	818	48.9526445	13.0456657
1407431204	Hochriedriegel	934	48.9450348	12.9419822
1407465707	Fuchsberg	684	48.9081538	12.9539771
1407484391	Klausenstein	1048	48.9503368	12.8961756
1407494789	Knogler Berg	721	48.9316446	12.8546924
1416318813	Kälberbuckel	1053	48.9756706	12.8878642
1417936137	Büscherl	740	49.0267300	12.5536376
1417936143	Hohenried	679	49.0345779	12.5811028
1420723116	Gallner Berg	709	49.0485375	12.6775127
1470641948	Hanichelriegel	978	49.0386264	12.8126073
1470641950	Käsplatte	978	49.0381908	12.8071797
1482153892	Stierberg	734	49.0125570	13.3186479
1482161211	Ochsenberg	664	49.0034363	13.3044000
1486378033	Weißer Felsen		49.1696152	12.7892431
1486404877	Hirschpertberg		49.1345922	12.8143488
1491248965	Hochberg	1025	49.0004257	12.8556089
1498943476	Hinterberg	666.1	48.8891166	12.9462408
1498943480	Kühberg	650.9	48.8934060	12.9465999
1498943483	Rabenstein	614.1	48.8850233	12.9445751
1512928578	Kleiner Aschenstein	913	48.8133171	13.2585880
1512928601	Geißlstein	906	48.8139896	13.2648902
1512928602	Aschenstein	942	48.8176285	13.2570665
1579621442	Hocheiche	463	48.8551274	12.9744356
1584111668	Bubikberg	572	48.7709039	13.4262550
1584111670	Lindberg	638	48.7896681	13.4345317
1585617175	Redelberg		48.8722330	13.3543789
1585642759	Scheiben		48.8465001	13.3274501
1602541842	Steinbichel	703	48.8733143	13.3335050
1602542020	Oberer Berg	686	48.8710547	13.3431158
1602557838	Altenstein	744	48.8882425	13.3794222
1602560075	Kreuzberg		48.8939705	13.3519564
1631533588	Hoher Sachsen	752	48.8620758	13.3732777
1637742696	Türkenberg	738	48.8725515	13.3214406
1637808138	Mühlberg	667	48.8801521	13.3126966
1637827733	Steinbichel	680	48.8654477	13.2675766
1704184549	Schützinger Berg	608.7	48.8272040	13.0266154
1708860112	Ochsenstiegl	623	48.7556495	13.3074661
1716906832	Habichtstein	863	48.9259059	13.2778733
1719314030	Jägerriegel	913	48.8288330	13.2179358
1719388195	Brauerriegel	765	48.8305919	13.2365928
1719390861	Scheibenberg	766	48.8380707	13.2375691
1719396100	Sturmriegel	974	48.8222031	13.2094237
1719410927	Widderberg		48.8512742	13.2948397
1719410971	Häuserberg	630	48.8563004	13.2961057
1720461275	Im Riegel	582	48.7997441	13.3593991
1720464279	Bauernberg	534	48.8113468	13.3622744
1720487630	Hauzenberg	565.5	48.7739570	13.3780243
1720487650	Vogelsang		48.7741267	13.3820154
1720487658	Glockenberg	537	48.7879125	13.3793761
1734997824	Oberberg	651	48.8547480	13.0161365
1737969348	Kadernberg		48.8446402	13.3265210
1751528895	Steinbühl	754	48.8419420	13.4354913
1756787438	Hadriwa	677	49.1220595	12.4001082
1756787439	Hoher Fels	652	49.1203874	12.3761635
1756787646	Hetzenbacher Höhe		49.1338544	12.3858029
1774722885	Irlberg	512	48.8070160	13.0238237
1774951385	Grüdelberg		48.8905971	13.4395641
1777783073	Mitterscheibling	921	48.8905042	13.6691268
1799419331	Hohes Buchet	569	48.9132501	12.8986333
1839444558	Sternknöckel	818	49.0675190	13.0574965
1839444562	Wolfgangriegel	876	49.0700545	13.0399630
1841412900	Kapellenberg	880.5	49.0033459	12.8159007
1845701589	Mühlberg	890	48.8458696	13.6427333
1846783812	Spitzenberg	807	48.7505129	13.7272164
1846787256	Stubenberg	812	48.7591014	13.7212919
1846801307	Braunberg	706	48.7522121	13.7477277
1857507754	Geistlicher Stein	671	48.8292768	13.4559508
1864939054	Baderstein		48.7976570	13.5281372
1868730821	Schusterstein	998	48.9892230	12.8951903
1875438824	Ochsenberg		49.0000160	13.1794302
1875438884	Mühlberg		49.0069684	13.1802158
1875462397	Unterdorfer Berg		49.0028314	13.1432312
1875478089	Galgenberg		48.9815288	13.1166666
1875478131	Abendberg		48.9891610	13.1038134
1875478132	Kühberg		48.9747123	13.1077831
1878093630	Hochstein	1134	49.1236936	13.0641426
1880064913	Atzldorfer Berg		48.7367261	13.4603941
1891813231	Weißer Riegel	1093	49.2147288	13.1144343
2051573244	Hohes Kreuz		49.0084291	13.0372816
2051573245	Vormittagberg		49.0240768	13.0288273
2268278345	Steinberg	875	48.8515811	13.4582633
2353045928	Garbuckel	323	48.9235396	12.6035176
2362228098	Hausstein	917	48.8709360	13.0705657
2364277247	Herrnberg	399	49.0036671	12.4018920
2365417233	Farrenberg	1203	48.9576901	13.5417946
2365737143	Geiersberg	368	48.8274892	12.9730118
2365793601	Lerchenhaube	446	49.0049702	12.3925833
2366969298	Gschwellberg	443	49.0105780	12.4164764
2366970862	Hirschbuckel	510	49.0059544	12.4283247
2366972993	Jägerbuckel	407	49.0115778	12.4104729
2370859091	Kühberg	508	48.8585465	12.9756759
2388611234	Bernhardsnagel	896	49.0538336	12.7974831
2388719374	Haibühler Spitz	1047	49.1631148	13.0265857
2388719375	Haidstein	742	49.2160822	12.8065002
2388719376	Hindenburgkanzel	1062	49.1472222	13.1572222
2388746485	Hörndl	1015	49.1420189	13.0897298
2388822367	Schloßberg	380	48.9999996	12.4030169
2389007421	Riesberg	934	49.0391581	13.2892725
2389014566	Steinberg	830	48.6822222	13.5875000
2389014575	Wagnerspitze	1125	49.1376826	13.1466086
2398954761	Sauberg	443	49.0138802	12.4006272
2410851703	Stallriegel	1228	49.1086495	13.1468493
2413491281	Kleiner Rachel	1399	48.9837020	13.3791457
2450057589	Birkenberg	457	49.1133141	12.8734666
2450057590	Distelberg	641	49.0718398	12.8567351
2450057591	Riesberg	882	49.0929436	12.9649528
2452343798	Kleiner Riedelstein	1042	49.1613125	12.9747480
2455697061	Förchenbichel	748	49.0737042	12.8320742
2455697062	Kastenstein	822	49.0493887	12.8309023
2468531711	Kleines Hochgrainet	820	48.9784846	13.2198435
2479574542	Pledlberg	367	48.7265807	13.0770061
2481838675	Goldhügel	539	48.7878266	13.3487670
2482160659	Schwarzriegel	1079	49.2336945	12.9356052
2482160663	Kohlriegel	957	49.2418162	12.9037996
2486503354	Hochruck	1260	48.9879311	13.3805457
2487020687	Semmelberg		49.1064846	12.4550015
2491284346	Fürstenstand		49.0702859	13.2720820
2493825649	Pfennighügel	513	48.7854789	13.3660449
2549215740	Diebstein	520	48.7614100	13.3359566
2580587491	Zielberg		48.7406726	13.7053418
2640761492	Kleiner Geistlicher Stein		48.8281982	13.4577657
2669374024	Hochberg	941	49.1079434	13.2062999
2673647869	Drähberg	920	49.1142192	13.2217967
2686304899	Großer Rathberg	899	48.6569210	13.7444404
2848573065	Plattenriegel	1050	49.1268435	13.0458981
2880736838	Frauenberg	337	48.7723363	13.0475265
2880736840	Rohrberg		48.7771046	13.0543949
2962212596	Spitzberg	1058	49.1301691	13.1120544
2969872191	Maxfelsen	1138	49.1947024	13.1324031
2969966047	Maly Kokrháč	1169	49.1906293	13.1371358
2970748586	Am Knöchel		49.1893925	13.1360916
2976643043	Kleiner Hahnenbogen		49.0498975	13.3563224
2983633075	Urberberg	614	48.9791330	12.7852738
2996218122	Fürberg	880	48.8702326	13.2132403
2996229872	Weigelsberg	898	49.0991072	12.9600509
2996234032	Hahnenriegel	1108	49.0701329	13.1578244
2996234833	Mittagsplatzl	1340	49.0933970	13.1428476
2996234834	Rote Höhe	1050	49.0601635	13.1793388
2996235651	Ruckowitzberg	1269	49.0947511	13.2826889
2996241293	Großer Hahnenbogen	1257	49.0452334	13.3631037
2996241294	Hirschberg	1039	49.0215876	13.3553605
2996241295	Kiesruck	1265	49.0527189	13.3453269
2996244038	Bienstand	865	48.8940025	13.3934814
2996252119	Siebensteinkopf	1263	48.9654959	13.5755324
2996252971	Rollmannsberg	1042	48.7958348	13.8008330
2996255522	Alzenberg	1100	48.8951650	13.6269428
2996255523	Grandelberg	1010	48.8703261	13.6572910
2996255524	Schwarzkopf	1060	48.8563241	13.6549035
2996257320	Lichtenberg	1028	48.8380795	13.7399609
2996257321	Sulzberg	1146	48.8435733	13.6992756
2996336468	Brandtner Riegel	993	49.0571097	13.1340578
3009214864	Riebenzingriegel		49.2284712	12.9308205
3031511861	Kühberg	525	48.9995899	12.5972608
3045856733	Zwieselberg		49.0040178	13.2126805
3086835031	Degenberg		48.9329853	12.8292497
3194358028	Schwarzbachriegel	1145	49.0787465	13.2876243
3194373475	Leitenwaldhöhe	808	48.9874629	13.2400056
3239839912	Fuchsenstein	759	48.7699484	13.7394357
3242752334	Markkopf	1280	48.9686858	13.5150775
3252441016	Pfarrerberg	672	49.0586241	12.9853930
3258596862	Asberg	778	48.9785582	13.2134709
3258612961	Glasberg	676	49.0009734	13.2309323
3258612962	Oberer Kühberg	755	48.9924344	13.2624516
3258612963	Stierberg	827	48.9866662	13.2593005
3283485115	Spitzberg	810	49.0157073	12.9405198
3292193182	Kühberg	643	49.0394547	12.9645389
3370296585	Schwaimberg		48.8645965	13.4007879
3431111121	Teufelsfelsen	410	48.9691622	12.6820345
3480665605	Bärenlochriegel	1304	48.9664901	13.4405838
3481238184	Schuhnagelkopf		48.9694063	13.3893469
3490703457	Schloßberg	436	49.1261275	12.1330575
3491457655	Altweiberhöhe	601	49.0587289	12.3129608
3491457657	Keilstein	450	49.0326625	12.1541154
3508869811	Ebenstein	586	48.5225288	13.7216404
3595010708	Schweinsberg	609	49.1140618	12.4923957
3595142245	Rote Marter	516	49.2025805	12.7108444
3595169591	Riederberg		49.1416833	12.8551079
3595999220	Rotes Kreuz	903	49.2323334	13.0568058
3625256516	Haiberberg	584	49.1527182	12.5245238
3633010599	Steinbichel	577	48.8619059	13.0130558
3637961577	Hochstätter	1084	49.1374752	13.0890264
3656894794	Höllbachriegel		49.0824462	13.2863311
3673432656	Auf der Schanz	757	49.2534585	13.0491840
3678888819	Burgstein	830	48.9337549	12.9053977
3712727227	Farrenruck	979	49.2410441	12.9155616
3721908793	Siebenrücken	852	48.9391887	13.4031133
3755818454	Hochgefeichtetstein	1260	48.9235854	13.5263267
3799225463	Sulzriegel	1257	48.9241523	13.5260505
3802079605	Steinberg		49.0139967	12.6004989
3806569586	Sattel		49.2074908	13.0865990
3873788210	Oberberg	833	49.0128939	13.1338318
3930587904	Hoher Stein	583	48.7458001	13.4892374
3942355134	Riedstein	745	48.9381768	13.2396828
3986429911	Felsensturz		48.9708881	13.3968287
4122663604	Hochfels	875	49.1138305	13.2012030
4187219670	Schlossberg	565	49.1469943	12.4084945
4187219671	Egidi-Buckel		49.0090297	12.8074193
4248130320	Kopfriegel		49.1099890	13.1599046
4280155736	Kanzel	728	48.8461118	13.0239630
4290014350	Schneiderberg	1015	49.1417710	13.1002423
4290185029	Sphinx	974	49.1452531	13.0902383
4316949760	Bärenriegel	1175	49.1373421	13.0762288
4463038861	Sollerberg	886	49.1429779	13.1150216
4466421577	Höhenberg	608	48.7493244	13.3617601
4704220815	Hoher Stein	820	48.8924503	13.4293207
4820027975	Lauberberg	594	49.1056378	12.4727699
4848276479	Scheuereckriegel		49.0569994	13.3239198
4849561178	Traillingriegel	862	49.1778606	13.0348769
4865834075	Bölmersberg	675	49.0407014	13.0555250
4865859909	Ochsenberg	547	49.0519099	13.0540752
4876804240	Hangenleithner Hügel	808	48.8679743	13.1844604
4973997354	Klausgupf	929	48.7748578	13.7711840
4978104062	Großer Falkenstein	1315	49.0847366	13.2799821
5001231975	Ochsenberg	581	49.0611207	12.9990015
5079433188	Traubenberg	519	49.2114371	12.5584931
5079433189	Längseigenberg	642	49.1361771	12.6250954
5079433190	Fundberg	616	49.1301558	12.6167824
5079433191	Hohenstein	557	49.1504379	12.5737735
5079433192	Koppenberg	553	49.1529269	12.5722040
5082450204	Spangelberg	632	49.0162402	12.5500206
5082450205	Kobelberg	698	49.0106589	12.5179149
5082450206	Kobelberg	703	49.0139059	12.5194630
5082450207	Viechtberg	696	49.0520746	12.5630933
5082450208	Ochsenberg	687	49.0481480	12.5903096
5082450209	Pilgramsberg	619	49.0355836	12.6117460
5082450210	Kirchenberg	624	49.0380994	12.6088865
5082450211	Neundelberg	652	49.0480666	12.6064745
5082450212	Oberer Berg	688	49.0527503	12.5988915
5082450213	Riesberg	602	49.0601119	12.6086160
5082450214	Heizerberg	659	49.0692462	12.5740330
5082450215	Steinriegel	654	49.0924071	12.5723909
5082450216	Steinriegel	416	49.2170625	12.5419501
5082450217	Riedberg	435	49.1846480	12.5998858
5082450218	Kühberg	463	49.1770166	12.6099045
5082450219	Weinberg	432	49.1811291	12.6224771
5082450220	Rauchenberg	599	49.1527669	12.6292270
5082451521	Tratthöhe	557	49.1469527	12.6248731
5082451522	Bauenberg	532	49.1471722	12.6173140
5082465214	Hoher Stein	705	49.2716797	13.0272730
5082465215	Brändriegel	705	49.2666499	13.0259899
5084622916	Köpfelsberg	671	49.1325322	12.6861947
5084622917	Weissenstein	681	49.1312066	12.6834855
5084622918	Einfaltsberg	461	49.1349284	12.6508672
5084622919	Schanzenberg	472	49.1485229	12.6538813
5084657726	Schlossberg	700	49.2378054	12.8775674
5084658314	Riegelholzberg	653	49.2225744	12.8583350
5086538072	Tränkberg	521	49.1456086	12.6675327
5086538073	Kühleite	704	49.0480486	12.6840361
5086538074	Blumerberg	684	49.0479125	12.6952280
5086538075	Eichhänge	655	49.0373536	12.5883221
5086565962	Schlossberg (Runding)	543	49.2178500	12.7624870
5086661602	Keilberg	476	49.0390360	12.1722781
5089226542	Lamberg	602	49.1991128	12.7187722
5089226543	Kleiner Rossberg	646	49.1909334	12.7677694
5089724449	Reisberg	449	49.1480507	12.6028452
5092289928	Bärenkopf	976	48.9147050	13.5001755
5092616675	Hungerberg	615	49.0581381	12.6800738
5092752013	Luchsstein		48.9235567	13.5007109
5114561790	Geißberg	1018	48.9122140	13.6420522
5116036783	Distelberg	471	49.1935003	12.6957617
5116036785	Achatsbuckel	518	49.1927235	12.7121142
5120209941	Tragelberg	470	49.1707088	12.6533791
5120209942	Uhrberg	566	49.1390665	12.6337998
5120209943	Wilde Leite	510	49.1344883	12.6434645
5138366345	Steinkopf	1134	48.9578049	13.3877646
5166282105	Plattenberg	499	49.1605332	12.5726461
5166282106	Gruberberg	502	49.1658310	12.5649160
5166282107	Eckenberg	483	49.1847478	12.5592680
5166826198	Teufelsmauer (bei Radling)	447	49.1885842	12.6272772
5166826199	Teufelsmauer	434	49.1944161	12.6166071
5166826200	Pfahl (bei Ried am Pfahl)	421	49.2005769	12.6034943
5166826201	Mühlberg	402	49.1851704	12.6160267
5166826202	Kalvarienberg	528	49.1560977	12.6204797
5176796029	Bernhöhe	605	49.2716636	12.9809471
5176796030	Buchberg	636	49.2736201	12.9733988
5176796031	Spandlberg	662	49.2644744	12.9999204
5176796032	Büschlberg	626	49.2695571	12.9973026
5176796033	Atzelberg	590	49.2530403	12.9936735
5176796034	Ständelberg	595	49.2493304	13.0003333
5176796035	Taschinger Berg	443	49.1919840	12.6635456
5176796036	Pfahlhöhe	459	49.1744221	12.6542275
5176796037	Wiltinger Höhe	477	49.1645289	12.6547004
5176796038	Vogelherd	461	49.1634261	12.6427222
5176796039	Taubenberg	451	49.1653252	12.6337341
5176796040	Giglberg	465	49.1661711	12.6246801
5176796041	Faschaberg	478	49.1694064	12.6232848
5176796042	Geißberg	457	49.1720988	12.6050828
5176796043	Füchsenbuhl	450	49.1689303	12.6103151
5176796044	Lindenberg	416	49.1890432	12.6005493
5179403911	Weinberg	404	49.2075918	12.5837736
5179403912	Sauberg	406	49.2064463	12.5747447
5339642524	Riesensprung		49.1668578	12.1779443
5434460328	Huberriegel	1184	49.1982560	13.1215709
5438329538	Weißmandl	940	49.2474153	12.8924981
5438329539	Wolfsriegel	915	49.2472080	12.9012404
5438329540	Schmidtriegel	915	49.2443179	12.9117946
5439432164	Trettinger Birkenberg	556	49.2596924	12.8492864
5440135922	Pürzerriegel	923	49.2429536	12.9308331
5440135923	Kagerstein	793	49.2351093	12.9690945
5440135924	Brünst	497	49.2771656	12.9396669
5440873965	Hindenburgfelsen	1173	49.1411388	13.1595548
5440873966	Fuchsriegel	978	49.1440873	13.1362017
5481093106	Frauenstein		48.8017055	13.4787791
5481894882	Augustin Kanzel	575	48.8130949	13.5207262
5551151321	Schindelauberg	780	49.2391926	13.0392141
5551151322	Steinbügel	750	49.2494402	13.0516171
5551151323	Oberer Berg	774	49.2414207	13.0206159
5551151324	Vorderer Berg	775	49.2406922	13.0099515
5551151328	Stangenruck	677	49.2830072	13.0271911
5590095744	Stierberg	692	48.7794505	13.2341802
5595776539	Fuchsbühl	431	49.2467761	12.7716475
5595776540	Hohenstein	505	49.2468937	12.7836060
5595776541	Kranewittberg	479	49.2425371	12.7799152
5595776542	Birkenberg	496	49.2552411	12.8204863
5596708112	Weinerberg	599	49.2824821	12.9753930
5689555678	Anis	709	49.0177061	13.1442717
6314498987	Großeilberg	494	49.1491661	12.4664094
6314498988	Schwenkberg	478	49.1471186	12.4539938
6314498990	Zinzenberg	532	49.1413128	12.4633449
6314498991	Mühlberg	475	49.1398680	12.4506166
6314498992	Hohenruck	516	49.1406156	12.4389028
6314498993	Bügel	545	49.1528971	12.4040090
6314498994	Hammühlberg	535	49.1548264	12.4084512
6314498995	Ochsenberg	535	49.1536031	12.4235870
6314498996	Tannberg	505	49.1565683	12.4201171
6314498997	Geiselberg	550	49.1495669	12.4213850
6314498998	Hohe Wart	530	49.1443802	12.4209975
6314508732	Plattenberg	621	49.1245381	12.3747865
6314508733	Dangelsdorfer Berg	605	49.1347840	12.3608031
6314508734	Striegelberg	571	49.1274662	12.3501388
6314508735	Grubberg	583	49.1318309	12.3539731
6315435069	Eicherlberg	559	49.1556572	12.3917049
6315435070	Steinberg	582	49.1574218	12.3747272
6315435071	Hirtenberg	593	49.1387323	12.3472926
6637237138	Hofberg	688	49.0645424	12.8225489
6738423245	Hiermesbügel	650	48.9969731	13.1921339
6766980880	Wacht	507	49.0869504	12.8743666
7280161690	Buchaberg	593	48.9578661	12.7586805
7452948345	Ödriegel	1154	49.1586561	13.0249647
7452948346	Hängender Riegel	1183	49.1504372	13.0564589
7840768981	Nanzelberg	692	48.6993217	13.8025613
7954388046	Hochstein		48.7647430	13.6948783
7972230710	Hoher Filzberg	1279	48.9367145	13.5210641
8532601693	Sommerberg	814	49.0364331	12.7473026
8569819697	Gsteinachhöhe	786	49.0709112	12.8419805
8590098510	Erlenberg	402	48.6152527	13.2922924
8590098511	Kehlberg	462	48.6280566	13.2999515
8590098512	Ebersberg	560	48.6393610	13.3015743
8590098513	Kühberg	428	48.6365607	13.2736962
8620915790	Kühberg	855	48.6232180	13.7082724
8663161765	Rechenberg	423	48.7214374	13.0993491
9162344995	Büchelberg	502	48.6613780	13.2638827
9196153697	Steinberg	1000	48.9114981	13.0003300
9269928112	Kastenberg	386	48.6150311	13.3866022
9282812853	Hochoberndorfer Berg	806.7	48.8781394	12.9930559
9290721329	Hochberg	801	48.8744024	13.1233516
9293796971	Steinriegel	819	48.8755134	13.0941607
9357124354	Geißberg	388	48.8394916	12.9676309
9573743166	Klingerberg	637	49.0818338	12.5509557
9687638994	Dreihiasl	654	48.6966004	13.8195811
9705924219	Hirschenkopf	980	48.8912703	13.0459320
9705949303	Schergenhöhe	924	48.8819981	13.0343006
9920600097	Schwarzer Dachsberg	481	48.9873931	12.7032577
9920801944	Kirnhöhe	468	48.9800149	12.7122376
9921378786	Schützberg	477	49.0106303	12.6761641
9951402029	Winterberg	728	49.0157295	12.7366707
9951402030	Loider Höhe	724	49.0129421	12.7391646
10540144144	Zillberg	829	48.7552160	13.7027891
10751947660	Sollerberg	716	48.9013880	12.9885220
10763675182	Scheuerberg	756	48.8847515	12.9960108
10764132464	Bembichel	724	48.8868786	13.0900866
10764132472	Steinberg	919	48.8882895	13.0596220
10764160961	Kleiner Riedstein	759	48.9133056	13.0643320
10764160962	Schachel	751	48.9120858	13.0734837
10764160963	Bärnstein	709	48.9136159	13.0810583
10764161048	Wimmesbichel	728	48.9007709	13.0736554
10764697556	Blattenbigel	627	48.9663855	12.9915047
10764697620	Kühberg	768	48.9580523	13.0048406
10764697987	Hieselberg	696	48.9144197	13.0960089
10772132881	Bumsenberg	783	48.9577987	13.0167282
10777029896	Mühlberg	662	48.9295696	13.0855322
10777029897	Schachenfeld	725	48.9208285	13.0857575
10777129107	Schloßberg	666	48.9099915	13.1098920
10777129108	Ochsenberg	600	48.9265174	13.1101763
10777129137	Pfefferberg	613	48.9174726	13.1076658
10777129152	Brechhausberg	635	48.9515638	13.0858326
10777129154	Riedberg	576	48.9608278	13.0980635
10777129155	Gemeindeberg	621	48.9565800	13.0840087
10777129159	Schloßberg	602	48.9457578	13.0947643
10780565660	Feldbühl	798	48.8494816	13.0659413
10780600169	Tannenberg	798	48.8652723	13.0514789
10780600227	Geßinger Berg	562	48.8405570	13.0479169
10780602005	Furth	704	48.8544163	13.0312443
10780602314	Steinbühl	472	48.8557964	13.0777699
10792517556	Schlottberg	434	48.7996521	13.0236965
10792517557	Streubügel	422	48.8041783	13.0002165
10792539945	Hengersberg	382	48.7892448	13.0557489
10792540246	Breitenberg	547	48.8377395	12.9948091
10793518626	Raubühl	437	48.8171646	13.0709410
10793518638	Steinbühl	472	48.8115692	13.0607593
10793553781	Steinbühl	542	48.8244547	13.0645895
10793574124	Scheibenbühl	445	48.8350207	13.0727541
10794899112	Spielberg		48.8442146	13.1158197
10794917344	Abesberg	438	48.8369627	13.1401527
10794917346	Langberg		48.8367402	13.1236303
10795176553	Birkenberg	421	48.8169386	13.1007242
10795248634	Tannbühl	818	48.8860249	13.1077731
10796085192	Hürstein	578	48.8551928	13.1066465
10796085196	Michelsbühl	502	48.8516278	13.1105679
10797291054	Regener Berg	712	48.8774949	13.1627798
10797291055	Aibenberg	722	48.8752087	13.1639707
10797320169	Ranzinger Vorberg	736	48.8708688	13.1427920
10797352139	Leitenbühl	752	48.8596187	13.1576675
10797352153	Kleiner Rachelberg	796	48.8586870	13.1729936
10797352204	Schanzenberg	758	48.8558705	13.1968975
10798951134	Tannenberg	431	48.8711511	12.9491365
10805611532	Kirchberg	675	48.9751820	12.9357469
10805617737	Lindenauer Berg	690	48.9608560	12.9323137
10805635109	Achslacher Berg	696	48.9674983	12.9475379
10805635143	Hochgartenberg	675	48.9578128	12.9563302
10805637321	Eisberg	717	48.9631876	12.9422271
10817080564	Eschbühl	579	48.8368991	13.1924236
10825618505	Ochsenberg	648	48.7935611	13.2347482
10828037447	Schlosshügel	381	48.7664862	13.1389403
10830548544	Eierbühl	402	48.7434201	13.1457424
10830602551	Hilkeringer Bühl	416	48.7608710	13.1853533
10830602568	Kreuzbühl	439	48.7717331	13.1846935
10830747342	Eisenberg	562	48.7928143	13.2007599
10830747386	Hohenburg	608	48.7959029	13.1924450
10831423855	Imkenberg	525	48.7676813	13.2294381
10831426247	Strachinger Höhe	553	48.7806064	13.2142997
10831544040	Hummelberg	387	48.7264409	13.2127172
10831544041	Priefinger Berg	411	48.7252873	13.2473069
10831567192	Ellerberg	387	48.7407740	13.2060170
10831567636	Steinbühl	443	48.7467240	13.2282150
10832824531	Gschwendtner Berg	446	48.7080755	13.1934750
10832824752	Forchenhügel	430	48.7127551	13.2179797
10833691038	Mühlberg	410	48.7255244	13.1481564
10833691055	Steinhügel	401	48.7302802	13.1564283
10833710753	Steinriegel	465	48.7110065	13.1695068
10837908822	Kreuzhügel	354	48.7319645	13.0884933
10837910020	Sonnenhügel	410	48.7175333	13.1077409
10840323509	Metzgerhügel	345	48.7295513	13.0767024
10847102084	Himmelberg	360	48.8581505	12.9000628
10855568411	Geigenbühl	356	48.8678731	12.8679514
10857860894	Kühberg	392	48.9031935	12.8664601
10859184955	Riedberg	999	48.9442217	12.9019779
10863886438	Sollenberg	774	48.9688647	12.9043114
10873366103	Kühberg	942	48.9763229	12.8960287
10873411590	Farrenbühl	646	48.9590949	12.9206729
10892645446	Geißberg	909	48.9924326	12.9081953
10920216277	Oberer Berg	811	48.9640752	12.8473306
10920219678	Höhenberg	690	48.9261333	12.8570831
10933584052	Rettenbacher Leiten	740	48.9764795	12.8454934
10933603493	1032		48.9899193	12.8730489
10933603495	Dachsberg	812	48.9820935	12.8547281
11065418736	Weizriegel	690	49.0074680	13.1201247
